barcode,cell.type
NK001,Natural Killer Cells
T4C001,CD4+ T Cells
T8C001,CD8+ T Cells
Mono001,Monocytes
T4C002,CD4+ T Cells
T8C002,CD8+ T Cells
Mono002,Monocytes
Mono003,Monocytes
NK002,Natural Killer Cells
B001,B Cells
Mono004,Monocytes
Mono005,Monocytes
NK003,Natural Killer Cells
Mono006,Monocytes
NK004,Natural Killer Cells
NK005,Natural Killer Cells
B002,B Cells
B003,B Cells
NK006,Natural Killer Cells
Mono007,Monocytes
NK007,Natural Killer Cells
NK008,Natural Killer Cells
B004,B Cells
B005,B Cells
Mono008,Monocytes
T8C003,CD8+ T Cells
NK009,Natural Killer Cells
T4C003,CD4+ T Cells
NK010,Natural Killer Cells
B006,B Cells
T8C004,CD8+ T Cells
B007,B Cells
NK011,Natural Killer Cells
T8C005,CD8+ T Cells
B008,B Cells
Mono009,Monocytes
T8C006,CD8+ T Cells
T4C004,CD4+ T Cells
T4C005,CD4+ T Cells
B009,B Cells
NK012,Natural Killer Cells
NK013,Natural Killer Cells
NK014,Natural Killer Cells
T8C007,CD8+ T Cells
T8C008,CD8+ T Cells
T8C009,CD8+ T Cells
T4C006,CD4+ T Cells
T8C010,CD8+ T Cells
B010,B Cells
T4C007,CD4+ T Cells
B011,B Cells
B012,B Cells
B013,B Cells
T4C008,CD4+ T Cells
T4C009,CD4+ T Cells
Mono010,Monocytes
T8C011,CD8+ T Cells
NK015,Natural Killer Cells
NK016,Natural Killer Cells
Mono011,Monocytes
Mono012,Monocytes
B014,B Cells
NK017,Natural Killer Cells
NK018,Natural Killer Cells
T8C012,CD8+ T Cells
T8C013,CD8+ T Cells
Mono013,Monocytes
B015,B Cells
NK019,Natural Killer Cells
NK020,Natural Killer Cells
T8C014,CD8+ T Cells
B016,B Cells
NK021,Natural Killer Cells
T4C010,CD4+ T Cells
NK022,Natural Killer Cells
T8C015,CD8+ T Cells
B017,B Cells
T8C016,CD8+ T Cells
Mono014,Monocytes
T8C017,CD8+ T Cells
NK023,Natural Killer Cells
Mono015,Monocytes
B018,B Cells
Mono016,Monocytes
T4C011,CD4+ T Cells
B019,B Cells
T4C012,CD4+ T Cells
Mono017,Monocytes
T8C018,CD8+ T Cells
T4C013,CD4+ T Cells
T4C014,CD4+ T Cells
T4C015,CD4+ T Cells
NK024,Natural Killer Cells
Mono018,Monocytes
T8C019,CD8+ T Cells
B020,B Cells
T8C020,CD8+ T Cells
T4C016,CD4+ T Cells
NK025,Natural Killer Cells
T8C021,CD8+ T Cells
T4C017,CD4+ T Cells
B021,B Cells
Mono019,Monocytes
T8C022,CD8+ T Cells
B022,B Cells
Mono020,Monocytes
B023,B Cells
T4C018,CD4+ T Cells
T4C019,CD4+ T Cells
T4C020,CD4+ T Cells
B024,B Cells
T8C023,CD8+ T Cells
NK026,Natural Killer Cells
T4C021,CD4+ T Cells
Mono021,Monocytes
T8C024,CD8+ T Cells
Mono022,Monocytes
Mono023,Monocytes
T4C022,CD4+ T Cells
B025,B Cells
T4C023,CD4+ T Cells
T4C024,CD4+ T Cells
Mono024,Monocytes
Mono025,Monocytes
T4C025,CD4+ T Cells
Mono026,Monocytes
T8C025,CD8+ T Cells
T8C026,CD8+ T Cells
NK027,Natural Killer Cells
B026,B Cells
T4C026,CD4+ T Cells
Mono027,Monocytes
NK028,Natural Killer Cells
T8C027,CD8+ T Cells
B027,B Cells
B028,B Cells
NK029,Natural Killer Cells
B029,B Cells
B030,B Cells
NK030,Natural Killer Cells
NK031,Natural Killer Cells
B031,B Cells
B032,B Cells
B033,B Cells
NK032,Natural Killer Cells
B034,B Cells
NK033,Natural Killer Cells
T4C027,CD4+ T Cells
T4C028,CD4+ T Cells
T4C029,CD4+ T Cells
Mono028,Monocytes
Mono029,Monocytes
Mono030,Monocytes
T4C030,CD4+ T Cells
T4C031,CD4+ T Cells
T4C032,CD4+ T Cells
T4C033,CD4+ T Cells
Mono031,Monocytes
B035,B Cells
B036,B Cells
T8C028,CD8+ T Cells
B037,B Cells
NK034,Natural Killer Cells
Mono032,Monocytes
T8C029,CD8+ T Cells
Mono033,Monocytes
T8C030,CD8+ T Cells
T4C034,CD4+ T Cells
T4C035,CD4+ T Cells
T8C031,CD8+ T Cells
T4C036,CD4+ T Cells
B038,B Cells
B039,B Cells
B040,B Cells
T8C032,CD8+ T Cells
T8C033,CD8+ T Cells
T4C037,CD4+ T Cells
T8C034,CD8+ T Cells
NK035,Natural Killer Cells
NK036,Natural Killer Cells
Mono034,Monocytes
Mono035,Monocytes
T8C035,CD8+ T Cells
T4C038,CD4+ T Cells
T4C039,CD4+ T Cells
B041,B Cells
T4C040,CD4+ T Cells
NK037,Natural Killer Cells
Mono036,Monocytes
B042,B Cells
T8C036,CD8+ T Cells
NK038,Natural Killer Cells
Mono037,Monocytes
T4C041,CD4+ T Cells
NK039,Natural Killer Cells
T8C037,CD8+ T Cells
T8C038,CD8+ T Cells
B043,B Cells
T4C042,CD4+ T Cells
B044,B Cells
Mono038,Monocytes
B045,B Cells
Mono039,Monocytes
B046,B Cells
Mono040,Monocytes
B047,B Cells
T8C039,CD8+ T Cells
B048,B Cells
T4C043,CD4+ T Cells
B049,B Cells
T4C044,CD4+ T Cells
T8C040,CD8+ T Cells
T8C041,CD8+ T Cells
Mono041,Monocytes
T4C045,CD4+ T Cells
Mono042,Monocytes
B050,B Cells
NK040,Natural Killer Cells
T4C046,CD4+ T Cells
T8C042,CD8+ T Cells
B051,B Cells
T8C043,CD8+ T Cells
B052,B Cells
NK041,Natural Killer Cells
NK042,Natural Killer Cells
T8C044,CD8+ T Cells
T8C045,CD8+ T Cells
NK043,Natural Killer Cells
T4C047,CD4+ T Cells
Mono043,Monocytes
T4C048,CD4+ T Cells
T8C046,CD8+ T Cells
T4C049,CD4+ T Cells
NK044,Natural Killer Cells
B053,B Cells
T8C047,CD8+ T Cells
T8C048,CD8+ T Cells
NK045,Natural Killer Cells
NK046,Natural Killer Cells
NK047,Natural Killer Cells
T8C049,CD8+ T Cells
T8C050,CD8+ T Cells
T4C050,CD4+ T Cells
T8C051,CD8+ T Cells
NK048,Natural Killer Cells
NK049,Natural Killer Cells
NK050,Natural Killer Cells
Mono044,Monocytes
NK051,Natural Killer Cells
T4C051,CD4+ T Cells
T4C052,CD4+ T Cells
T4C053,CD4+ T Cells
NK052,Natural Killer Cells
NK053,Natural Killer Cells
NK054,Natural Killer Cells
NK055,Natural Killer Cells
Mono045,Monocytes
Mono046,Monocytes
Mono047,Monocytes
T4C054,CD4+ T Cells
Mono048,Monocytes
NK056,Natural Killer Cells
Mono049,Monocytes
T8C052,CD8+ T Cells
T8C053,CD8+ T Cells
T8C054,CD8+ T Cells
T8C055,CD8+ T Cells
T4C055,CD4+ T Cells
T8C056,CD8+ T Cells
T4C056,CD4+ T Cells
T4C057,CD4+ T Cells
T8C057,CD8+ T Cells
T8C058,CD8+ T Cells
NK057,Natural Killer Cells
T4C058,CD4+ T Cells
Mono050,Monocytes
T4C059,CD4+ T Cells
Mono051,Monocytes
NK058,Natural Killer Cells
B054,B Cells
Mono052,Monocytes
NK059,Natural Killer Cells
Mono053,Monocytes
B055,B Cells
T8C059,CD8+ T Cells
T8C060,CD8+ T Cells
T4C060,CD4+ T Cells
NK060,Natural Killer Cells
NK061,Natural Killer Cells
T4C061,CD4+ T Cells
T8C061,CD8+ T Cells
B056,B Cells
T8C062,CD8+ T Cells
Mono054,Monocytes
Mono055,Monocytes
Mono056,Monocytes
T4C062,CD4+ T Cells
T8C063,CD8+ T Cells
Mono057,Monocytes
T4C063,CD4+ T Cells
B057,B Cells
B058,B Cells
B059,B Cells
B060,B Cells
Mono058,Monocytes
T4C064,CD4+ T Cells
T8C064,CD8+ T Cells
NK062,Natural Killer Cells
T4C065,CD4+ T Cells
NK063,Natural Killer Cells
T4C066,CD4+ T Cells
T8C065,CD8+ T Cells
T4C067,CD4+ T Cells
T8C066,CD8+ T Cells
T8C067,CD8+ T Cells
NK064,Natural Killer Cells
B061,B Cells
T8C068,CD8+ T Cells
B062,B Cells
B063,B Cells
T4C068,CD4+ T Cells
B064,B Cells
T8C069,CD8+ T Cells
Mono059,Monocytes
Mono060,Monocytes
Mono061,Monocytes
T4C069,CD4+ T Cells
T4C070,CD4+ T Cells
T8C070,CD8+ T Cells
T8C071,CD8+ T Cells
NK065,Natural Killer Cells
B065,B Cells
T4C071,CD4+ T Cells
Mono062,Monocytes
T8C072,CD8+ T Cells
T8C073,CD8+ T Cells
T4C072,CD4+ T Cells
NK066,Natural Killer Cells
NK067,Natural Killer Cells
NK068,Natural Killer Cells
T4C073,CD4+ T Cells
NK069,Natural Killer Cells
T8C074,CD8+ T Cells
Mono063,Monocytes
T4C074,CD4+ T Cells
T4C075,CD4+ T Cells
Mono064,Monocytes
T8C075,CD8+ T Cells
Mono065,Monocytes
B066,B Cells
B067,B Cells
NK070,Natural Killer Cells
B068,B Cells
T4C076,CD4+ T Cells
Mono066,Monocytes
Mono067,Monocytes
T8C076,CD8+ T Cells
B069,B Cells
T4C077,CD4+ T Cells
Mono068,Monocytes
T4C078,CD4+ T Cells
Mono069,Monocytes
T4C079,CD4+ T Cells
T4C080,CD4+ T Cells
Mono070,Monocytes
T8C077,CD8+ T Cells
T8C078,CD8+ T Cells
B070,B Cells
T4C081,CD4+ T Cells
Mono071,Monocytes
NK071,Natural Killer Cells
B071,B Cells
Mono072,Monocytes
T4C082,CD4+ T Cells
B072,B Cells
T4C083,CD4+ T Cells
NK072,Natural Killer Cells
B073,B Cells
B074,B Cells
T8C079,CD8+ T Cells
NK073,Natural Killer Cells
B075,B Cells
B076,B Cells
NK074,Natural Killer Cells
NK075,Natural Killer Cells
Mono073,Monocytes
Mono074,Monocytes
Mono075,Monocytes
T4C084,CD4+ T Cells
T8C080,CD8+ T Cells
T4C085,CD4+ T Cells
T8C081,CD8+ T Cells
Mono076,Monocytes
Mono077,Monocytes
Mono078,Monocytes
T8C082,CD8+ T Cells
B077,B Cells
B078,B Cells
NK076,Natural Killer Cells
T4C086,CD4+ T Cells
T4C087,CD4+ T Cells
B079,B Cells
NK077,Natural Killer Cells
Mono079,Monocytes
T4C088,CD4+ T Cells
T4C089,CD4+ T Cells
NK078,Natural Killer Cells
NK079,Natural Killer Cells
B080,B Cells
T8C083,CD8+ T Cells
NK080,Natural Killer Cells
NK081,Natural Killer Cells
T8C084,CD8+ T Cells
Mono080,Monocytes
T8C085,CD8+ T Cells
NK082,Natural Killer Cells
NK083,Natural Killer Cells
B081,B Cells
B082,B Cells
Mono081,Monocytes
NK084,Natural Killer Cells
T8C086,CD8+ T Cells
Mono082,Monocytes
NK085,Natural Killer Cells
T8C087,CD8+ T Cells
Mono083,Monocytes
T4C090,CD4+ T Cells
Mono084,Monocytes
Mono085,Monocytes
B083,B Cells
T4C091,CD4+ T Cells
NK086,Natural Killer Cells
NK087,Natural Killer Cells
Mono086,Monocytes
T8C088,CD8+ T Cells
T4C092,CD4+ T Cells
NK088,Natural Killer Cells
T4C093,CD4+ T Cells
B084,B Cells
B085,B Cells
NK089,Natural Killer Cells
Mono087,Monocytes
T8C089,CD8+ T Cells
Mono088,Monocytes
T8C090,CD8+ T Cells
T8C091,CD8+ T Cells
B086,B Cells
Mono089,Monocytes
Mono090,Monocytes
T8C092,CD8+ T Cells
Mono091,Monocytes
T4C094,CD4+ T Cells
NK090,Natural Killer Cells
B087,B Cells
T4C095,CD4+ T Cells
NK091,Natural Killer Cells
NK092,Natural Killer Cells
Mono092,Monocytes
T8C093,CD8+ T Cells
NK093,Natural Killer Cells
T4C096,CD4+ T Cells
Mono093,Monocytes
B088,B Cells
B089,B Cells
Mono094,Monocytes
NK094,Natural Killer Cells
T4C097,CD4+ T Cells
NK095,Natural Killer Cells
B090,B Cells
T8C094,CD8+ T Cells
Mono095,Monocytes
B091,B Cells
T4C098,CD4+ T Cells
T8C095,CD8+ T Cells
Mono096,Monocytes
T4C099,CD4+ T Cells
B092,B Cells
T8C096,CD8+ T Cells
T4C100,CD4+ T Cells
NK096,Natural Killer Cells
NK097,Natural Killer Cells
Mono097,Monocytes
T8C097,CD8+ T Cells
T8C098,CD8+ T Cells
NK098,Natural Killer Cells
NK099,Natural Killer Cells
B093,B Cells
B094,B Cells
B095,B Cells
T8C099,CD8+ T Cells
Mono098,Monocytes
B096,B Cells
B097,B Cells
B098,B Cells
NK100,Natural Killer Cells
B099,B Cells
Mono099,Monocytes
T8C100,CD8+ T Cells
B100,B Cells
Mono100,Monocytes
