barcode,cell.type
AAACCGTGTATGCG,Natural Killer Cells
AAACGCACTGGTAC,CD4+ T Cells
AAACGCTGGTTCTT,CD8+ T Cells
AAACGCTGTTTCTG,Monocytes
AAACTTGATCCAGA,CD4+ T Cells
AAAGAGACGGACTT,CD8+ T Cells
AAAGCAGATATCGG,Monocytes
AAATTCGAGCTGAT,Monocytes
AAATTCGATTCTCA,Natural Killer Cells
AACCGATGGTCATG,B Cells
AACCGATGTTCTAC,Monocytes
AACCTACTGTGAGG,Monocytes
AACCTTACGCGAGA,Natural Killer Cells
AACCTTACTAACGC,Monocytes
AACGCCCTCGTACA,Natural Killer Cells
AACGTCGAGTATCG,Natural Killer Cells
AAGAAGACGTAGGG,B Cells
AAGAGATGGGTAGG,B Cells
AAGATTACCTCAAG,Natural Killer Cells
AAGATTACTCCTCG,Monocytes
AAGCAAGAGCTTAG,Natural Killer Cells
AAGCAAGAGGTGTT,Natural Killer Cells
AAGCACTGAGCAAA,B Cells
AAGCACTGGTTCTT,B Cells
AAGCCTGACCGAAT,Monocytes
AAGGCTTGCGAACT,CD8+ T Cells
AAGTAGGATACAGC,Natural Killer Cells
AAGTCCGATAGAAG,CD4+ T Cells
AATACTGAATTGGC,Natural Killer Cells
AATAGGGAACCCTC,B Cells
AATAGGGAGAATGA,CD8+ T Cells
AATCCGGAATGCTG,B Cells
AATCTCTGCTTTAC,Natural Killer Cells
AATGATACACCAAC,CD8+ T Cells
AATGCGTGACACCA,B Cells
AATGCGTGGACGGA,Monocytes
AATGGCTGTACTCT,CD8+ T Cells
AATGTTGACAGTCA,CD4+ T Cells
AATTACGAGTGAGG,CD4+ T Cells
AATTGTGACTTGGA,B Cells
ACAAATTGTTGCGA,Natural Killer Cells
ACAACCGAGGGATG,Natural Killer Cells
ACAATTGATGACTG,Natural Killer Cells
ACACGATGACGCAT,CD8+ T Cells
ACACGATGTCGTAG,CD8+ T Cells
ACCACGCTACCCAA,CD8+ T Cells
ACCAGTGAGGGATG,CD4+ T Cells
ACCCAAGAACTGTG,CD8+ T Cells
ACCCGTTGATGACC,B Cells
ACCTCCGAGTCCTC,CD4+ T Cells
ACGAAGCTCTGAGT,B Cells
ACGACCCTTGACAC,B Cells
ACGAGTACCCTAAG,B Cells
ACGATGACAATGCC,CD4+ T Cells
ACGATGACTGGTCA,CD4+ T Cells
ACGCCGGAAACCAC,Monocytes
ACGCGGTGTTTGCT,CD8+ T Cells
ACGCTGCTGTTCTT,Natural Killer Cells
ACGGAACTCAGATC,Natural Killer Cells
ACGTCCTGTGAACC,Monocytes
ACGTCGCTCTATTC,Monocytes
ACGTCGCTTCTCAT,B Cells
ACGTGATGTGACAC,Natural Killer Cells
ACGTTGGAGCCAAT,Natural Killer Cells
ACTATCACCTTGGA,CD8+ T Cells
ACTGAGACAACCAC,CD8+ T Cells
ACTGAGACCCATAG,Monocytes
ACTGAGACGTTGGT,B Cells
ACTGCCACTCCGTC,Natural Killer Cells
ACTGGCCTTCAGTG,Natural Killer Cells
ACTGTGGACGTGTA,CD8+ T Cells
ACTGTGGATCTAGG,B Cells
ACTTCAACGTAGGG,Natural Killer Cells
ACTTTGTGGAAAGT,CD4+ T Cells
AGAACAGAAATGCC,Natural Killer Cells
AGACCTGAGGAAGC,CD8+ T Cells
AGACGTACCCCTAC,B Cells
AGACTGACCATCAG,CD8+ T Cells
AGAGCGGAGGCAAG,Monocytes
AGAGTGCTGTCCTC,CD8+ T Cells
AGATATACCCGTAA,Natural Killer Cells
AGATATTGGCCAAT,Monocytes
AGATCTCTATCACG,B Cells
AGATTCCTCACTTT,Monocytes
AGCACTGAGGGAGT,CD4+ T Cells
AGCATCGAAGGGTG,B Cells
AGCATCGAGTGAGG,CD4+ T Cells
AGCCAATGGGGAGT,Monocytes
AGCCACCTGGATCT,CD8+ T Cells
AGCCGGTGTGTTTC,CD4+ T Cells
AGCCTCACGTTCGA,CD4+ T Cells
AGCGAACTTACTGG,CD4+ T Cells
AGCGATTGAGATCC,Natural Killer Cells
AGCGTAACTGAGAA,Monocytes
AGCTTTACACCAAC,CD8+ T Cells
AGCTTTACTCTCAT,B Cells
AGGAACCTTGCCTC,CD8+ T Cells
AGGAGTCTTGTCAG,CD4+ T Cells
AGGGACGAGTCAAC,Natural Killer Cells
AGGGACGATAGAGA,CD8+ T Cells
AGGGAGTGAGCCTA,CD4+ T Cells
AGGGTGGACAGTCA,B Cells
AGGGTGGACTCAAG,Monocytes
AGGGTGGAGTTGCA,CD8+ T Cells
AGGTCATGAGTGTC,B Cells
AGGTCTGATTCTCA,Monocytes
AGTAATACCGAACT,B Cells
AGTAATTGTCCCAC,CD4+ T Cells
AGTACGTGAGGGTG,CD4+ T Cells
AGTACGTGCTTGGA,CD4+ T Cells
AGTACTCTACGTGT,B Cells
AGTACTCTCAACCA,CD8+ T Cells
AGTCACGATGAGCT,Natural Killer Cells
AGTCCAGATTTCAC,CD4+ T Cells
AGTCTACTAGGGTG,Monocytes
AGTCTTACTTCGCC,CD8+ T Cells
AGTGACTGCAACTG,Monocytes
AGTGTTCTCACTTT,Monocytes
ATAACATGTACTCT,CD4+ T Cells
ATAAGTACGAATGA,B Cells
ATAATGACCTACTT,CD4+ T Cells
ATACCGGACTTCGC,CD4+ T Cells
ATACTCTGCTTCGC,Monocytes
ATAGCGTGCCCTTG,Monocytes
ATATGCCTGGACAG,CD4+ T Cells
ATCAAATGGGTAAA,Monocytes
ATCAACCTTCTCTA,CD8+ T Cells
ATCAACCTTTGTCT,CD8+ T Cells
ATCCCGTGCAGTCA,Natural Killer Cells
ATCGCGCTTTTCGT,B Cells
ATCGGTGAGTCAAC,CD4+ T Cells
ATCTGGGAAACCAC,Monocytes
ATCTTTCTTGTCCC,Natural Killer Cells
ATGAAGGAACAGCT,CD8+ T Cells
ATGAAGGACCTGTC,B Cells
ATGAAGGACCTTAT,B Cells
ATGAAGGACTTGCC,Natural Killer Cells
ATGACGTGACGACT,B Cells
ATGAGAGAAGTAGA,B Cells
ATGATAACTTCACT,Natural Killer Cells
ATGATATGGTGCTA,Natural Killer Cells
ATGCACGAATGTCG,B Cells
ATGCAGTGTTACCT,B Cells
ATGCTTTGTAGTCG,B Cells
ATGGACACGCATCA,Natural Killer Cells
ATGGGTACAACCTG,B Cells
ATGGGTACATCGGT,Natural Killer Cells
ATGTAAACACCTCC,CD4+ T Cells
ATGTAAACCCGCTT,CD4+ T Cells
ATTAAGACTGCAGT,CD4+ T Cells
ATTCGACTGAATAG,Monocytes
ATTGCACTGAGAGC,Monocytes
ATTGCACTGGAGCA,Monocytes
ATTGTCTGCGTACA,CD4+ T Cells
ATTTCTCTAGCAAA,CD4+ T Cells
CAACCAGAAAAGTG,CD4+ T Cells
CAACCGCTGTTCAG,CD4+ T Cells
CAACGTGACTCCAC,Monocytes
CAAGACTGACCTGA,B Cells
CAAGACTGAGTAGA,B Cells
CAAGGACTTCTTTG,CD8+ T Cells
CAAGGTTGTCATTC,B Cells
CAAGGTTGTCTGGA,Natural Killer Cells
CAATAAACGCCATA,Monocytes
CAATTCACCCAACA,CD8+ T Cells
CAATTCTGGCGTAT,Monocytes
CACAATCTTGTTCT,CD8+ T Cells
CACACCTGCTTGAG,CD4+ T Cells
CACCACTGCCAACA,CD4+ T Cells
CACCGGGACTTGCC,CD8+ T Cells
CACCTGACCAGAAA,CD4+ T Cells
CACGAAACTTCCGC,B Cells
CACTAACTCCTAAG,B Cells
CACTATACCCCGTT,B Cells
CACTTTGACTCTAT,CD8+ T Cells
CACTTTGAGCTGTA,CD8+ T Cells
CAGACTGAGTATGC,CD4+ T Cells
CAGATCGACCTGAA,CD8+ T Cells
CAGATGACATTCTC,Natural Killer Cells
CAGCAATGGAGGGT,Natural Killer Cells
CAGCATGACAACCA,Monocytes
CAGCCTTGCTACCC,Monocytes
CAGGAACTAACTGC,CD8+ T Cells
CAGGTATGTGCTTT,CD4+ T Cells
CAGTGATGGGACAG,CD4+ T Cells
CAGTGATGTAAGGA,B Cells
CAGTTTACCCCAAA,CD4+ T Cells
CATCAGGATAGCCA,Natural Killer Cells
CATCAGGATTTCGT,Monocytes
CATGAGACACGGGA,B Cells
CATGTTACAGTCGT,CD8+ T Cells
CATTACACCAACTG,Natural Killer Cells
CATTGTACTTTGCT,Monocytes
CATTGTTGCTAGTG,CD4+ T Cells
CATTTCGAGATACC,Natural Killer Cells
CATTTGACCACACA,CD8+ T Cells
CATTTGACCCTGAA,CD8+ T Cells
CATTTGTGGGATCT,B Cells
CCAAGAACGTGTCA,CD4+ T Cells
CCAGAAACCCTGTC,B Cells
CCAGTCACACTGGT,Monocytes
CCATCCGAAGGTTC,B Cells
CCATCGTGCTAGAC,Monocytes
CCCAACACCTCGCT,B Cells
CCCAACTGCAATCG,Monocytes
CCCAGACTGGTTTG,B Cells
CCCAGTTGGGTACT,CD8+ T Cells
CCCTCAGACACTTT,B Cells
CCCTCAGACGAGAG,CD4+ T Cells
CCCTGAACTAAAGG,B Cells
CCGACACTGGTTTG,CD4+ T Cells
CCGCGAGAGGTTCA,CD8+ T Cells
CCGTACACGTCATG,CD8+ T Cells
CCGTACACGTTGGT,Monocytes
CCTAAACTTTCGTT,CD4+ T Cells
CCTAAGGACTAGCA,Monocytes
CCTAGAGAGGTGAG,B Cells
CCTCGAACACTTTC,Natural Killer Cells
CCTCGAACTTACTC,CD4+ T Cells
CCTGACTGAAGTAG,CD8+ T Cells
CCTTAATGCCCAAA,B Cells
CGAAGACTGGAACG,CD8+ T Cells
CGACAAACCGACAT,B Cells
CGACCACTAAAGTG,Natural Killer Cells
CGACCACTGCCAAT,Natural Killer Cells
CGAGATTGGACACT,CD8+ T Cells
CGAGGCACTCTTCA,CD8+ T Cells
CGAGGCTGACGCTA,Natural Killer Cells
CGATACGACAGGAG,CD4+ T Cells
CGATAGACCCGTAA,Monocytes
CGCACGGATCTTTG,CD4+ T Cells
CGCAGGACAGATCC,CD8+ T Cells
CGCCATACTGCAAC,CD4+ T Cells
CGCCGAGAGCTTAG,Natural Killer Cells
CGCGATCTTTCTTG,B Cells
CGGCACGAACTCAG,CD8+ T Cells
CGGCCAGAGAGGCA,CD8+ T Cells
CGGCGAACGACAAA,Natural Killer Cells
CGGGCATGTCTCTA,Natural Killer Cells
CGTACCTGGCATCA,Natural Killer Cells
CGTCAAGACAGGAG,CD8+ T Cells
CGTCGACTTTCCGC,CD8+ T Cells
CGTGATGACGCTAA,CD4+ T Cells
CGTGATGAGGTTCA,CD8+ T Cells
CGTGTAGAGTTACG,Natural Killer Cells
CGTGTAGATTCGGA,Natural Killer Cells
CTAAACCTCTGACA,Natural Killer Cells
CTAACACTAGTGCT,Monocytes
CTAACGGAACCGAT,Natural Killer Cells
CTAACGGATTTCTG,CD4+ T Cells
CTAATAGAGCTATG,CD4+ T Cells
CTACGCACTCTCCG,CD4+ T Cells
CTACGCACTGGTCA,Natural Killer Cells
CTACTCCTATGTCG,Natural Killer Cells
CTAGTTACGAAACA,Natural Killer Cells
CTATACTGTCTCAT,Natural Killer Cells
CTATAGCTTCGCTC,Monocytes
CTATAGCTTGCCTC,Monocytes
CTATTGACAAACGA,Monocytes
CTCAGCACTCTAGG,CD4+ T Cells
CTGAAGTGAAGCCT,Monocytes
CTGAGAACGTAAAG,Natural Killer Cells
CTGCAGCTGGATTC,Monocytes
CTGCAGCTTGGCAT,CD8+ T Cells
CTGCCAACTGCTCC,CD8+ T Cells
CTGCCAACTTGCTT,CD8+ T Cells
CTGGAAACAAACGA,CD8+ T Cells
CTGGAAACATCGAC,CD4+ T Cells
CTGTGAGACCTTGC,CD8+ T Cells
CTTACTGACGTACA,CD4+ T Cells
CTTAGACTAAACGA,CD4+ T Cells
CTTGATTGAGGTTC,CD8+ T Cells
CTTTAGACTCATTC,CD8+ T Cells
CTTTAGTGACGGGA,Natural Killer Cells
CTTTGATGAGCACT,CD4+ T Cells
GAAAGATGCTTCGC,Monocytes
GAACCTGAGAGACG,CD4+ T Cells
GAAGTGCTCCGCTT,Monocytes
GAATGCACCTTCGC,Natural Killer Cells
GACAGGGAAGAGTA,B Cells
GACAGTACGAGCTT,Monocytes
GACGGCACACGGGA,Natural Killer Cells
GACGGCACGAGATA,Monocytes
GACGTCCTGATAAG,B Cells
GAGATGCTCTGGAT,CD8+ T Cells
GAGCGCACGGTGAG,CD8+ T Cells
GAGGACGACTCAGA,CD4+ T Cells
GAGGTACTGACACT,Natural Killer Cells
GAGGTGGATCCTCG,Natural Killer Cells
GAGTCAACGGGAGT,CD4+ T Cells
GAGTGACTCGGTAT,CD8+ T Cells
GAGTGACTGACTAC,B Cells
GAGTTGTGCTGAGT,CD8+ T Cells
GATAAGGAGAAACA,Monocytes
GATAAGGATTCACT,Monocytes
GATAGCACGAAGGC,Monocytes
GATATAACACGCAT,CD4+ T Cells
GATATATGTCCGTC,CD8+ T Cells
GATATCCTCCCGTT,Monocytes
GATATTGAGCCAAT,CD4+ T Cells
GATCGATGACTAGC,B Cells
GATTCTTGCGAGTT,B Cells
GATTGGACCCGTTC,B Cells
GATTGGACGGTGTT,B Cells
GATTTAGATTCGTT,Monocytes
GCAACTGATTGCGA,CD4+ T Cells
GCACAAACAATGCC,CD8+ T Cells
GCACACCTGTGCTA,Natural Killer Cells
GCAGCCGACAGTCA,CD4+ T Cells
GCAGGGCTATCGAC,Natural Killer Cells
GCAGTCCTAACTGC,CD4+ T Cells
GCATCAGATGCGTA,CD8+ T Cells
GCCCAACTACCGAT,CD4+ T Cells
GCCCATACAGCGTT,CD8+ T Cells
GCCGGAACGAACTC,CD8+ T Cells
GCCGGAACGTTCTT,Natural Killer Cells
GCCTAGCTACGGAG,B Cells
GCCTCATGTCTTAC,CD8+ T Cells
GCGAGCACTGTCGA,B Cells
GCGGCAACGGAGGT,B Cells
GCTACCTGATCACG,CD4+ T Cells
GCTAGAACAGAGGC,B Cells
GCTATACTAGCGTT,CD8+ T Cells
GCTCGACTCTAGTG,Monocytes
GCTGATGAGGTATC,Monocytes
GCTTAACTACAGTC,Monocytes
GCTTAACTGCTGAT,CD4+ T Cells
GGAAGGACCACTAG,CD4+ T Cells
GGACCTCTTTTCTG,CD8+ T Cells
GGACGCTGACGCAT,CD8+ T Cells
GGACGCTGTCCTCG,Natural Killer Cells
GGAGAGACGTGAGG,B Cells
GGAGGATGCCACCT,CD4+ T Cells
GGAGGATGTCAGTG,Monocytes
GGATAGCTCTGAAC,CD8+ T Cells
GGATGTACGTGTCA,CD8+ T Cells
GGATTTCTAGGTTC,CD4+ T Cells
GGCAAGGAAAAAGC,Natural Killer Cells
GGCATATGCTTATC,Natural Killer Cells
GGCCGAACTCTAGG,Natural Killer Cells
GGCGACTGCGTAAC,CD4+ T Cells
GGCTAAACACCTGA,Natural Killer Cells
GGCTAATGAGCACT,CD8+ T Cells
GGGAAGTGTTGAGC,Monocytes
GGGACCACGTCATG,CD4+ T Cells
GGGACCACTCGTGA,CD4+ T Cells
GGGATGGATGGTTG,Monocytes
GGGCAGCTTGGGAG,CD8+ T Cells
GGGCCAACTACGCA,Monocytes
GGGCCAACTCCAAG,B Cells
GGGTAACTCTAGTG,B Cells
GGGTTAACGTGCAT,Natural Killer Cells
GGTACATGAAAGCA,B Cells
GGTACATGGTTACG,CD4+ T Cells
GGTAGTACGCCATA,Monocytes
GGTCTAGATAGCGT,Monocytes
GGTGGAGATTACTC,CD8+ T Cells
GTAACGTGGTTGAC,B Cells
GTAAGCACAACGGG,CD4+ T Cells
GTAGACTGAGATGA,Monocytes
GTAGACTGTATTCC,CD4+ T Cells
GTAGCAACAGTCGT,Monocytes
GTAGCCCTGACGTT,CD4+ T Cells
GTAGTGACCTCATT,CD4+ T Cells
GTATCACTGGTAGG,Monocytes
GTCAATCTACACCA,CD8+ T Cells
GTCAATCTGTAGCT,CD8+ T Cells
GTCATACTAATCGC,B Cells
GTCCAGCTACGGGA,CD4+ T Cells
GTCCCATGTGGTGT,Monocytes
GTCGACCTGAATGA,Natural Killer Cells
GTCGCACTTGAGAA,B Cells
GTCTAACTGGTCTA,Monocytes
GTGATTCTGTCGAT,CD4+ T Cells
GTGATTCTTAGCGT,B Cells
GTGTAGTGGGTACT,CD4+ T Cells
GTTAAAACCGAGAG,Natural Killer Cells
GTTAAATGTCGACA,B Cells
GTTAGGTGGAACTC,B Cells
GTTAGTCTAAGAAC,CD8+ T Cells
GTTGACGATATCGG,Natural Killer Cells
TAAACAACGAATCC,B Cells
TAACAATGTGCCCT,B Cells
TAACTCACTCTACT,Natural Killer Cells
TAAGAGGACTTGTT,Natural Killer Cells
TAAGGCTGTCTCGC,Monocytes
TAATGTGACTGCAA,Monocytes
TACAATGAAAACAG,Monocytes
TACAATGACTTAGG,CD4+ T Cells
TACAATGATGCTAG,CD8+ T Cells
TACACACTCTTACT,CD4+ T Cells
TACATAGAACGCAT,CD8+ T Cells
TACCATTGGGGATG,Monocytes
TACGAGTGATGCTG,Monocytes
TACGATCTCACTGA,Monocytes
TACGCAGAGAATCC,CD8+ T Cells
TACGCCACTCCGAA,B Cells
TACGGAACGCGTTA,B Cells
TACGGCCTGGGACA,Natural Killer Cells
TACTAAGAATCACG,CD4+ T Cells
TACTACTGATTCTC,CD4+ T Cells
TACTCAACTGCTAG,B Cells
TACTCTGAATCGAC,Natural Killer Cells
TAGAAACTGCTTCC,Monocytes
TAGACGTGCTTGAG,CD4+ T Cells
TAGACGTGTCGCTC,CD4+ T Cells
TAGCATCTCAGCTA,Natural Killer Cells
TAGCCCACAGCTAC,Natural Killer Cells
TAGGCAACCGTCTC,B Cells
TAGGCATGGCGAGA,CD8+ T Cells
TAGGGACTGAACTC,Natural Killer Cells
TAGTGGTGAAGTGA,Natural Killer Cells
TATACAGAACCCTC,CD8+ T Cells
TATCGTACATTCCT,Monocytes
TATCTGACAGGTTC,CD8+ T Cells
TATGAATGGAGGAC,Natural Killer Cells
TATGGGTGCATCAG,Natural Killer Cells
TATGGGTGCTAGCA,B Cells
TATGTCACGGAACG,B Cells
TATTGCTGAAGAAC,Monocytes
TATTTCCTGGAGGT,Natural Killer Cells
TCAAGGACATTCTC,CD8+ T Cells
TCACCTCTTCCAAG,Monocytes
TCAGACGACGTTAG,Natural Killer Cells
TCAGTGGAAGATCC,CD8+ T Cells
TCAGTTACCTACGA,Monocytes
TCAGTTACTAGAAG,CD4+ T Cells
TCATCAACTGTTCT,Monocytes
TCATTCGATACAGC,Monocytes
TCCATAACCGTAGT,B Cells
TCCATAACTACGCA,CD4+ T Cells
TCCCGAACACAGTC,Natural Killer Cells
TCCTAAACCGCATA,Natural Killer Cells
TCGACCTGCCGATA,Monocytes
TCGATACTATTCCT,CD8+ T Cells
TCGATACTTGCACA,CD4+ T Cells
TCGATTTGCAGCTA,Natural Killer Cells
TCGGACCTAACAGA,CD4+ T Cells
TCGGACCTATAAGG,B Cells
TCGGTAGATCCCAC,B Cells
TCTAACACCAGTTG,Natural Killer Cells
TCTAAGCTTGTTCT,Monocytes
TCTATGTGAGTCTG,CD8+ T Cells
TCTTACGAACCTGA,Monocytes
TCTTGATGCGGAGA,CD8+ T Cells
TGAATAACTCCCAC,CD8+ T Cells
TGACACGACCTTAT,B Cells
TGACTGGAAGAGAT,Monocytes
TGACTTACAGTCTG,Monocytes
TGAGACACTCAAGC,CD8+ T Cells
TGAGCTGATGCTAG,Monocytes
TGATAAACGAATCC,CD4+ T Cells
TGATAAACTCCGTC,Natural Killer Cells
TGATCGGAGGAGCA,B Cells
TGCAAGTGAGAACA,CD4+ T Cells
TGCACAGACGACAT,Natural Killer Cells
TGCCACTGCGATAC,Natural Killer Cells
TGCGATGAGTGCTA,Monocytes
TGCTAGGAAACCGT,CD8+ T Cells
TGGAACACAAACAG,Natural Killer Cells
TGGAAGCTCAGATC,CD4+ T Cells
TGGACCCTGGTACT,Monocytes
TGGATGTGTGAAGA,B Cells
TGGCAATGCTTGTT,B Cells
TGGGTATGTTTGGG,Monocytes
TGGTAGACCCTCAC,Natural Killer Cells
TGGTATCTAAACAG,CD4+ T Cells
TGTAATGACACAAC,Natural Killer Cells
TGTATGCTCATGGT,B Cells
TGTGACGATTCTCA,CD8+ T Cells
TGTGAGACTGTCAG,Monocytes
TGTGGATGGCCAAT,B Cells
TTAACCACCGTAAC,CD4+ T Cells
TTAACCACTCAGAC,CD8+ T Cells
TTACTCGAAGAATG,Monocytes
TTAGCTACTTTCGT,CD4+ T Cells
TTAGGGTGCTGGAT,B Cells
TTCAAAGATAAAGG,CD8+ T Cells
TTCAAGCTAGATGA,CD4+ T Cells
TTCCAAACTCCCAC,Natural Killer Cells
TTCCCACTTGAGGG,Natural Killer Cells
TTCCCACTTGTCTT,Monocytes
TTCGTATGAAAAGC,CD8+ T Cells
TTCGTATGGATAGA,CD8+ T Cells
TTCTAGTGGAGAGC,Natural Killer Cells
TTCTGATGGAGACG,Natural Killer Cells
TTGAACCTCCTTGC,B Cells
TTGAATGATCTCAT,B Cells
TTGACACTGATAAG,B Cells
TTGCTAACACCAAC,CD8+ T Cells
TTGGAGACGCTATG,Monocytes
TTGGTACTGAATCC,B Cells
TTGGTACTGGATTC,B Cells
TTGTAGCTCTCTTA,B Cells
TTGTCATGGACGGA,Natural Killer Cells
TTTAGAGATCCTCG,B Cells
TTTATCCTGTTGTG,Monocytes
TTTCAGTGGAAGGC,CD8+ T Cells
TTTCAGTGTCACGA,B Cells
TTTCGAACTCTCAT,Monocytes
